S6 Anteil;S4 Anteil;M100 Anteil;Penetration;Erweichungspunkt;;
1;0;0;210;38.4;64.512;45.66087107
1;0;0;180;39.6;57.024;44.26426414
1;0;0;173;40;55.36;44.288
1;0;0;80;47.4;30.336;40.38344398
1;0;0;83;46.4;30.8096;38.47246512
1;0;0;87;46.4;32.2944;40.32655983
1;0;0;88;46.4;32.6656;40.7900835
1;0;0;90;46.2;33.264;41.00250702
1;0;0;86;45.8;31.5104;37.8408047
1;0;0;86;46.2;31.7856;39.18017338
1;0;0;84;46.6;31.3152;39.6116518
1;0;0;86;45.6;31.3728;37.18414688
1;0;0;85;46.6;31.688;40.08321909
1;0;0;78;47.2;29.4528;38.71351431
1;0;0;87;45.4;31.5984;36.96091075
1;0;0;85;45.8;31.144;37.40079534
1;0;0;92;45.6;33.5616;39.77838969
1;0;0;86;46.2;31.7856;39.18017338
1;0;0;86;45.8;31.5104;37.8408047
1;0;0;84;46.4;31.1808;38.9359888
1;0;0;85;46.4;31.552;39.39951247
1;0;0;84;46.4;31.1808;38.9359888
1;0;0;105;44.6;37.464;41.54595381
1;0;0;193;39.2;60.5248;45.57236605
1;0;0;184;39.2;57.7024;43.44722981
1;0;0;193;39.2;60.5248;45.57236605
1;0;0;185;39.4;58.312;44.58169904
1;0;0;186;39.2;58.3296;43.91948231
1;0;0;195;38.8;60.528;44.19381708
1;0;0;191;39.8;60.8144;47.92538998
1;0;0;194;39.4;61.1488;46.75053845
1;0;0;183;39.2;57.3888;43.21110356
1;0;0;171;40;54.72;43.776
1;0;0;184;39.4;57.9968;44.34071688
1;0;0;193;40.2;62.0688;50.40359593
1;0;0;203;39.2;63.6608;47.93362854
1;0;0;199;38.6;61.4512;44.17761795
1;0;0;210;38.8;65.184;47.59334147
0.900013981;0;0.099986019;194;39;60.528;44.8807554
0.900279102;0;0.099720898;180;40;57.6;46.08
0.898175465;0;0.101824535;174;40.4;56.2368;46.35266502
0.923363893;0;0.076636107;14;69.2;7.7504;32.10350227
0.274623913;0.725376087;0;13;71.2;7.4048;33.40898849
0.279560089;0.720439911;0;13;71.2;7.4048;33.40898849
0.277412745;0.722587255;0;14;71;7.952;35.5763534
0.276529411;0.723470589;0;14;71;7.952;35.5763534
0.270901318;0.729098682;0;16;70;8.96;38.416
0.298019002;0.701980998;0;15;69.2;8.304;34.39660957
0.294209901;0.705790099;0;15;69.8;8.376;35.60516064
0.255522731;0.744477269;0;15;69.6;8.352;35.19882916
0.29026964;0.70973036;0;17;68.8;9.3568;38.0892722
0.289316219;0.710683781;0;15;69.6;8.352;35.19882916
0.286181911;0.713818089;0;15;69;8.28;34.0006815
0.286668619;0.713331381;0;14;70;7.84;33.614
0.285880594;0.714119406;0;15;69.8;8.376;35.60516064
0.186429281;0.813570719;0;15;70.4;8.448;36.84528292
0.188216211;0.811783789;0;13;71.4;7.4256;33.78595501
0.188803377;0.811196623;0;12;72.2;6.9312;32.60844104
0.186668937;0.813331063;0;11;75.6;6.6528;35.93187392
0.186270165;0.813729835;0;18;67.8;9.7632;38.03568837
0.238434573;0.761565427;0;25;62.8;12.56;38.88468486
0.434196178;0.565803822;0;45;53.6;19.296;37.14254623
1;0;0;187;39.6;59.2416;45.98565219
1;0;0;211;37.6;63.4688;42.17293582
1;0;0;202;38.6;62.3776;44.84361219
1;0;0;198;39;61.776;45.8061318
1;0;0;194;39.2;60.8384;45.8084923
1;0;0;190;39.2;59.584;44.8639873
1;0;0;187;39;58.344;43.2613467
1;0;0;183;39.2;57.3888;43.21110356
1;0;0;195;38.2;59.592;41.52293686
1;0;0;183;38.4;56.2176;39.79018764
1;0;0;167;40;53.44;42.752
1;0;0;180;39.6;57.024;44.26426414
1;0;0;185;39.2;58.016;43.68335606
1;0;0;183;39.4;57.6816;44.09973472
1;0;0;188;39;58.656;43.4926908
1;0;0;180;39.6;57.024;44.26426414
1;0;0;189;38.8;58.6656;42.83400732
1;0;0;181;39.4;57.0512;43.61777041
1;0;0;190;39.4;59.888;45.78660982
1;0;0;188;39.2;58.9568;44.3917348
1;0;0;184;39.6;58.2912;45.24791446
1;0;0;179;40.2;57.5664;46.74737654
0.553833114;0.446166886;0;13;69;7.176;29.4672573
0.551392519;0.448607481;0;13;69.4;7.2176;30.15652074
0.54645887;0.45354113;0;13;69.4;7.2176;30.15652074
0.542792973;0.457207027;0;14;69.6;7.7952;32.85224055
0.541475061;0.458524939;0;17;67.4;9.1664;35.08233631
0.544691803;0.455308197;0;13;70.8;7.3632;32.6645277
0.530152812;0.469847188;0;14;70.2;7.8624;33.99980954
0.527516555;0.472483445;0;14;69;7.728;31.7339694
0.542983401;0.457016599;0;16;68.2;8.7296;34.61445366
0.543743971;0.456256029;0;14;70.2;7.8624;33.99980954
0.533219696;0.466780304;0;13;70.6;7.3424;32.29699799
0.518515788;0.481484212;0;17;68.8;9.3568;38.0892722
0.535756688;0.464243312;0;24;63.2;12.1344;38.28948763
0.693103015;0.306896985;0;178;39.2;55.8208;42.03047231
1;0;0;176;39;54.912;40.7165616
1;0;0;181;39.4;57.0512;43.61777041
1;0;0;188;39;58.656;43.4926908
1;0;0;187;39.6;59.2416;45.98565219
1;0;0;174;39.6;55.1232;42.78878867
1;0;0;176;39;54.912;40.7165616
1;0;0;186;38;56.544;38.7835296
1;0;0;190;38.6;58.672;42.17963523
1;0;0;193;39.2;60.5248;45.57236605
1;0;0;179;40.4;57.8528;47.68463815
1;0;0;232;37.6;69.7856;46.37024223
1;0;0;272;35.6;77.4656;43.68867725
1;0;0;288;35.6;82.0224;46.25859944
1;0;0;270;36;77.76;45.349632
0.896446779;0.103553221;0;188;39.2;58.9568;44.3917348
0.896569102;0.103430898;0;170;40.2;54.672;44.39694979
0.896625082;0.103374918;0;170;40.2;54.672;44.39694979
0.896559236;0.103440764;0;206;40;65.92;52.736
0.93366198;0.06633802;0;208;40;66.56;53.248
0.936113833;0.063886167;0;218;38.8;67.6672;49.40642114
0.911625307;0.088374693;0;116;42.8;39.7184;38.92539831
0.943265296;0.056734704;0;210;38.4;64.512;45.66087107
0.943309638;0.056690362;0;193;39.2;60.5248;45.57236605
0.943190153;0.056809847;0;180;39.4;56.736;43.37678825
0.944320122;0.055679878;0;184;39.4;57.9968;44.34071688
0.944697169;0.055302831;0;183;39.6;57.9744;45.00200188
0.943415115;0.056584885;0;180;40;57.6;46.08
0.94320916;0.05679084;0;182;39.8;57.9488;45.66712553
0.943202039;0.056797961;0;196;38.6;60.5248;43.51162371
0.943196247;0.056803753;0;202;38;61.408;42.1197472
0.943878303;0.056121697;0;224;38.2;68.4544;47.69814286
0.943379709;0.056620291;0;204;38.8;63.3216;46.23353171
0.943374985;0.056625015;0;180;40.2;57.888;47.00853507
0.503886328;0.496113672;0;14;69.2;7.7504;32.10350227
0.503400298;0.496599702;0;14;69.8;7.8176;33.23148327
0.50232374;0.49767626;0;14;70.6;7.9072;34.78138245
0.495508554;0.504491446;0;13;71.8;7.4672;34.54944929
0.498228987;0.501771013;0;12;71.4;6.8544;31.18703539
0.497597802;0.502402198;0;13;72;7.488;34.9360128
0.496665992;0.503334008;0;13;72;7.488;34.9360128
0.497644808;0.502355192;0;13;71.8;7.4672;34.54944929
0.494822762;0.505177238;0;16;68;8.704;34.2102016
0.919575786;0.080424214;0;190;38.8;58.976;43.06064228
0.919575786;0.080424214;0;199;38;60.496;41.4942064
0.919575786;0.080424214;0;193;39.6;61.1424;47.46112766
0.919575786;0.080424214;0;196;39.4;61.7792;47.23250276
0.894988157;0.105011843;0;190;39.4;59.888;45.78660982
0.894988157;0.105011843;0;194;39;60.528;44.8807554
0.894988157;0.105011843;0;194;38.8;60.2176;43.96718212
0.894988157;0.105011843;0;177;39.8;56.3568;44.41253417
1;0;0;189;39.4;59.5728;45.54562767
1;0;0;191;39.4;60.2032;46.02759198
1;0;0;193;39;60.216;44.6494113
1;0;0;199;38.8;61.7696;45.10035691
1;0;0;206;38.4;63.2832;44.79114019
1;0;0;195;38.8;60.528;44.19381708
1;0;0;180;39.2;56.448;42.50272481
1;0;0;181;39.8;57.6304;45.41620726
1;0;0;174;39.6;55.1232;42.78878867
1;0;0;176;39.8;56.0384;44.1616159
1;0;0;184;39.6;58.2912;45.24791446
1;0;0;214;38;65.056;44.6219104
0.496824581;0.503175419;0;13;71;7.384;33.0351853
0.496824581;0.503175419;0;13;71.6;7.4464;34.16610266
0.510016762;0.489983238;0;15;71;8.52;38.1175215
0.494016704;0.505983296;0;14;71.2;7.9744;35.97891068
0.506534272;0.493465728;0;14;71.4;7.9968;36.38487463
0.506534272;0.493465728;0;16;70.6;9.0368;39.75015138
0.501931315;0.498068685;0;16;69.4;8.8832;37.11571784
0.489465852;0.510534148;0;19;65.8;10.0016;35.61698681
0.499176783;0.500823217;0;158;41.4;52.3296;46.41501033
0.905828121;0.094171879;0;166;40.2;53.3856;43.35231567
1;0;0;182;39.4;57.3664;43.85875257
1;0;0;210;39;65.52;48.582261
1;0;0;183;38.8;56.8032;41.47419756
1;0;0;180;39;56.16;41.641938
1;0;0;185;39;57.72;42.7986585
1;0;0;217;38.4;66.6624;47.1829001
1;0;0;212;38.4;65.1264;46.0957365
0.919959792;0;0.080040208;82;46.4;30.4384;38.00894145
0.918083657;0;0.081916343;83;45.8;30.4112;36.52077663
0.918095521;0;0.081904479;85;46.4;31.552;39.39951247
0.918091566;0;0.081908434;83;46.6;30.9424;39.14008452
0.917802953;0;0.082197047;81;46.8;30.3264;38.85692519
0.915065786;0;0.084934214;83;46.4;30.8096;38.47246512
0.92114808;0;0.07885192;82;47;30.832;40.0133842
0.917290361;0;0.082709639;86;46.2;31.7856;39.18017338
0.915295274;0;0.084704726;83;46.4;30.8096;38.47246512
0.916606106;0;0.083393894;83;46;30.544;37.1628848
0.916606106;0;0.083393894;81;46.8;30.3264;38.85692519
0.922399421;0;0.077600579;84;46.4;31.1808;38.9359888
0.918692077;0;0.081307923;87;46.4;32.2944;40.32655983
0.918692077;0;0.081307923;113;43.8;39.5952;41.58865598
0.920620126;0;0.079379874;99;45.4;35.9568;42.0589674
0.920497834;0;0.079502166;85;46.6;31.688;40.08321909
0.917890184;0;0.082109816;86;46.6;32.0608;40.55478637
0.918645291;0;0.081354709;86;46.2;31.7856;39.18017338
0.918645291;0;0.081354709;84;46.4;31.1808;38.9359888
0.917361226;0;0.082638774;84;46.4;31.1808;38.9359888
0.919856741;0;0.080143259;90;46.8;33.696;43.17436132
0.920024087;0;0.079975913;87;46.4;32.2944;40.32655983
0.91723255;0;0.08276745;86;46.4;31.9232;39.86303615
0.917433931;0;0.082566069;100;44.8;35.84;40.28209562
0.917421875;0;0.082578125;79;47;29.704;38.5494799
0.917421875;0;0.082578125;78;47;29.328;38.0615118
0.920025142;0;0.079974858;80;46.8;29.952;38.37721006
0.914529247;0;0.085470753;104;44.6;37.1072;41.15027806
0.921150462;0;0.078849538;194;39.4;61.1488;46.75053845
0.911385938;0;0.088614062;224;38.6;69.1712;49.72756996
0.911385938;0;0.088614062;181;40.8;59.0784;50.15557657
0.902919502;0;0.097080498;181;40;57.92;46.336
0.914977161;0;0.085022839;165;40.8;53.856;45.72193444
0.914977161;0;0.085022839;266;38.4;81.7152;57.83710335
0.914977161;0;0.085022839;215;38.8;66.736;48.72651626
0.85434509;0;0.14565491;193;39.8;61.4512;48.42722653
0.848656574;0;0.151343426;177;40.4;57.2064;47.1518489
0.848659058;0;0.151340942;160;41.4;52.992;47.00254211
0.834216797;0;0.165783203;151;41.6;50.2528;45.2220525
0.70295939;0;0.29704061;223;39.2;69.9328;52.65615352
0.696880297;0;0.303119703;275;36.4;80.08;48.27677254
1;0;0;179;40.2;57.5664;46.74737654
1;0;0;186;38.4;57.1392;40.4424858
1;0;0;178;40;56.96;45.568
1;0;0;180;39.4;56.736;43.37678825
1;0;0;192;39.4;60.5184;46.26857414
1;0;0;187;39;58.344;43.2613467
1;0;0;199;38.8;61.7696;45.10035691
1;0;0;212;38.4;65.1264;46.0957365
1;0;0;209;38.2;63.8704;44.50407079
1;0;0;188;39.2;58.9568;44.3917348
1;0;0;189;39.2;59.2704;44.62786105
1;0;0;191;38.8;59.2864;43.28727724
1;0;0;187;39;58.344;43.2613467
1;0;0;191;39;59.592;44.1867231
1;0;0;194;40;62.08;49.664
1;0;0;192;39.2;60.2112;45.3362398
1;0;0;198;38.8;61.4592;44.87372195
1;0;0;198;39;61.776;45.8061318
1;0;0;185;40;59.2;47.36
1;0;0;186;39.4;58.6272;44.82268119
1;0;0;196;39.2;61.4656;46.2807448
1;0;0;198;39.2;62.0928;46.75299729
1;0;0;200;39.6;63.36;49.18251571
1;0;0;144;40.6;46.7712;39.12610593
1;0;0;208;39;64.896;48.1195728
0.903559572;0.096440428;0;188;39.6;59.5584;46.23156477
0.889416492;0.110583508;0;190;39.8;60.496;47.67447171
0.907312293;0.092687707;0;193;39.6;61.1424;47.46112766
0.908614963;0.091385037;0;210;39;65.52;48.582261
0.908576504;0.091423496;0;197;39.6;62.4096;48.44477798
0.904695727;0.095304273;0;192;40;61.44;49.152
0.908637113;0.091362887;0;185;40.6;60.088;50.26617776
0.908637113;0.091362887;0;181;40;57.92;46.336
0.906850312;0.093149688;0;192;39;59.904;44.4180672
0.906617591;0.093382409;0;195;39.4;61.464;46.99152061
0.90628823;0.09371177;0;192;39.6;60.8256;47.21521508
0.907136662;0.092863338;0;175;41;57.4;49.4508175
0.906916892;0.093083108;0;188;39.4;59.2576;45.30464551
0.906776979;0.093223021;0;188;39;58.656;43.4926908
0.904733671;0.095266329;0;189;39.2;59.2704;44.62786105
0.908663591;0.091336409;0;183;39.8;58.2672;45.91804381
1;0;0;85;46.4;31.552;39.39951247
1;0;0;83;47;31.208;40.5013523
1;0;0;91;46.2;33.6336;41.45809043
1;0;0;99;45.2;35.7984;41.32272317
1;0;0;119;43.4;41.3168;42.21879946
1;0;0;79;47.6;30.0832;40.55598018
1;0;0;88;46.6;32.8064;41.49792094
1;0;0;82;46.8;30.7008;39.33664031
1;0;0;96;45.4;34.8672;40.78445324
1;0;0;194;40;62.08;49.664
0.81795404;0.08349839;0.098547569;181;40.6;58.7888;49.17934148
0.814186711;0.085226338;0.100586951;189;40;60.48;48.384
0.815426532;0.084657674;0.099915794;193;39.6;61.1424;47.46112766
0.816417345;0.084203221;0.099379434;181;40.4;58.4992;48.21742741
0.816440869;0.084192431;0.0993667;182;40;58.24;46.592
0.816166046;0.084318483;0.09951547;188;39.8;59.8592;47.17263517
0.816342799;0.084237413;0.099419788;193;39.6;61.1424;47.46112766
0.81225091;0.086114225;0.101634865;187;39.8;59.5408;46.92171689
0.816520689;0.08415582;0.09932349;189;39.8;60.1776;47.42355344
0.820118074;0.082505821;0.097376106;185;40;59.2;47.36
0.818190585;0.083389895;0.09841952;178;40.2;57.2448;46.48621801
0.818069848;0.083445273;0.098484879;182;39.8;57.9488;45.66712553
0.818090643;0.083435735;0.098473622;177;40.4;57.2064;47.1518489
0.818132634;0.083416476;0.098450891;178;40;56.96;45.568
0.818220233;0.083376297;0.09840347;184;40.2;59.1744;48.05316918
0.818103502;0.083429837;0.098466661;212;39.8;67.5008;53.1946737
0.825263181;0.080145932;0.094590887;232;38.2;70.8992;49.40164796
0.825425388;0.080071533;0.094503079;167;41;54.776;47.1902087
0.405653286;0.489746597;0.104600118;13;70.8;7.3632;32.6645277
0.405653286;0.489746597;0.104600118;14;70.4;7.8848;34.38893072
0.400012625;0.494394547;0.105592827;13;70.2;7.3008;31.57125171
0.400012625;0.494394547;0.105592827;13;70.6;7.3424;32.29699799
0.399807429;0.494563631;0.10562894;15;70.4;8.448;36.84528292
0.395303807;0.498274653;0.106421541;15;70.6;8.472;37.26576691
0.40507968;0.490219252;0.104701068;17;69;9.384;38.5341057
0.404706178;0.490527021;0.104766801;16;69.8;8.9344;37.97883802
0.451451379;0.445670642;0.10287798;16;68.6;8.7808;35.43369523
0.492325402;0.507674598;0;15;70.2;8.424;36.42836736
0.492325402;0.507674598;0;14;70.6;7.9072;34.78138245
0.492325402;0.507674598;0;15;70;8.4;36.015
0.491287707;0.508712293;0;14;70.2;7.8624;33.99980954
0.492301047;0.507698953;0;14;71;7.952;35.5763534
0.492471483;0.507528517;0;14;70.8;7.9296;35.17718368
0.492009354;0.507990646;0;12;70.6;6.7776;29.81261353
0.492048965;0.507951035;0;11;72.4;6.3712;30.22365269
0.442929932;0.557070068;0;15;67.2;8.064;30.58921636
0.472664466;0.527335534;0;70;48.8;27.328;39.69879532
0.693435733;0.306564267;0;146;41.6;48.5888;43.72463354
0.690593489;0.309406511;0;146;41.4;48.3552;42.88981967
1;0;0;76;47.4;28.8192;38.36427178
1;0;0;83;46.2;30.6768;37.81342314
1;0;0;85;45.6;31.008;36.75177308
1;0;0;85;45.6;31.008;36.75177308
0.901328844;0.098671156;0;106;44.4;37.6512;41.19435865
0.901353876;0.098646124;0;191;39;59.592;44.1867231
0.901044534;0.098955466;0;194;39.2;60.8384;45.8084923
0.901062383;0.098937617;0;195;38.8;60.528;44.19381708
0.898657776;0.101342224;0;195;38.8;60.528;44.19381708
0.901546494;0.098453506;0;191;39;59.592;44.1867231
0.902525398;0.097474602;0;193;39.4;60.8336;46.50955629
0.901074214;0.098925786;0;181;40;57.92;46.336
0.900327741;0.099672259;0;185;39.6;58.608;45.49382703
0.899598409;0.100401591;0;178;40.4;57.5296;47.41824353
0.900621391;0.099378609;0;196;38.8;60.8384;44.42045203
0.90107262;0.09892738;0;197;38.8;61.1488;44.64708699
0.902019749;0.097980251;0;194;39;60.528;44.8807554
0.902038274;0.097961726;0;195;39;60.84;45.1120995
0.902041456;0.097958544;0;203;39;63.336;46.9628523
0.902042708;0.097957292;0;199;39;62.088;46.0374759
0.902022659;0.097977341;0;182;39.6;57.6576;44.7560893
0.902029441;0.097970559;0;184;39.4;57.9968;44.34071688
0.900549724;0.099450276;0;186;39.2;58.3296;43.91948231
0.900542155;0.099457845;0;190;39.2;59.584;44.8639873
0.899603842;0.100396158;0;212;38.8;65.8048;48.04661138
0.899856671;0.100143329;0;220;38.8;68.288;49.85969106
0.89984888;0.10015112;0;208;39.6;65.8944;51.14981634
0.900838568;0.099161432;0;202;39.2;63.3472;47.69750229
0.898562139;0.101437861;0;189;39;58.968;43.7240349
0.898413908;0.101586092;0;171;40.2;54.9936;44.65810832
0.899849712;0.100150288;0;164;40.6;53.2672;44.56028731
0.899885095;0.100114905;0;148;41;48.544;41.8212628
0.90291142;0.09708858;0;110;44.4;39.072;42.74886275
0.902872514;0.097127486;0;114;43.8;39.9456;41.95669718
0.943321161;0.056678839;0;150;40.4;48.48;39.95919398
0.897865656;0;0.102134344;194;38.6;59.9072;43.06762755
0.897835417;0;0.102164583;192;38.6;59.2896;42.62363139
0.900762166;0;0.099237834;196;39.6;62.0928;48.1988654
0.897814595;0;0.102185405;178;40.8;58.0992;49.32426867
1;0;0;94;45.4;34.1408;39.93477713
1;0;0;92;45.4;33.4144;39.08510102
1;0;0;92;45.2;33.2672;38.40091446
1;0;0;87;46;32.016;38.9538672
1;0;0;88;45.6;32.1024;38.04889448
1;0;0;66;48.8;25.7664;37.43029273
0.79577695;0.20422305;0;12;71.8;6.8928;31.89179935
0.449340293;0.550659707;0;12;72.4;6.9504;32.97125748
0.453586211;0.546413789;0;13;72.2;7.5088;35.32581113
0.459235357;0.540764643;0;13;72;7.488;34.9360128
0.444866295;0.555133705;0;13;72.4;7.5296;35.71886227
0.444772985;0.555227015;0;13;72.4;7.5296;35.71886227
0.448518726;0.551481274;0;13;72;7.488;34.9360128
0.460138344;0.539861656;0;12;72.8;6.9888;33.70596483
0.441797877;0.558202123;0;13;71.6;7.4464;34.16610266
0.441790654;0.558209346;0;12;72;6.912;32.2486272
0.433098548;0.566901452;0;12;71.6;6.8736;31.53794092
0.38092398;0.509550547;0.109525474;12;71.4;6.8544;31.18703539
0.402136188;0.48628419;0.111579622;15;68;8.16;32.072064
0.44626429;0.445207595;0.108528114;18;65.8;9.4752;33.74240855
0.614353229;0.277845761;0.10780101;66;50.4;26.6112;42.58592465
0.638169187;0.259247929;0.102582884;62;50.2;24.8992;39.37372993
0.638156121;0.259382085;0.102461794;78;48;29.952;41.4056448
0.63498772;0.262944459;0.102067821;48;54;20.736;40.8146688
0.604760788;0.288115994;0.107123217;37;58.8;17.4048;44.22939801
0.592530944;0.303553232;0.103915824;20;65.2;10.432;36.14268216
0.775524519;0.109409195;0.115066286;187;40;59.84;47.872
0.892141933;0;0.107858067;186;40.4;60.1152;49.54940054
0.901144919;0;0.098855081;185;39.6;58.608;45.49382703
0.843720134;0;0.156279866;187;39.8;59.5408;46.92171689
0.900212869;0;0.099787131;185;39.8;58.904;46.41988035
0.900228613;0;0.099771387;182;40;58.24;46.592
0.900227854;0;0.099772146;182;39.4;57.3664;43.85875257
0.900225094;0;0.099774906;183;39.8;58.2672;45.91804381
0.89419786;0;0.10580214;195;39.4;61.464;46.99152061
0.895503398;0;0.104496602;192;39;59.904;44.4180672
0.895453247;0;0.104546753;189;39.8;60.1776;47.42355344
0.895418707;0;0.104581293;188;39.8;59.8592;47.17263517
0.895447039;0;0.104552961;200;40;64;51.2
0.895415519;0;0.104584481;183;39.8;58.2672;45.91804381
0.895365991;0;0.104634009;182;39.2;57.0752;42.97497731
0.895425247;0;0.104574753;173;40.4;55.9136;46.08627039
0.895984537;0;0.104015463;188;40;60.16;48.128
0.89599849;0;0.10400151;247;39.2;77.4592;58.32318349
0.895923783;0;0.104076217;186;39.6;58.9248;45.73973961
0.892556131;0;0.107443869;186;39.4;58.6272;44.82268119
0.892597278;0;0.107402722;183;40;58.56;46.848
0.892597278;0;0.107402722;188;40;60.16;48.128
0.892646361;0;0.107353639;182;39.8;57.9488;45.66712553
0.892601391;0;0.107398609;168;39.6;53.2224;41.3133132
0.892601391;0;0.107398609;187;40;59.84;47.872
0.893334031;0;0.106665969;188;40;60.16;48.128
0.893352775;0;0.106647225;174;40.8;56.7936;48.21585814
0.89514549;0;0.10485451;181;39.8;57.6304;45.41620726
0.892571147;0;0.107428853;177;40.4;57.2064;47.1518489
0.892258287;0;0.107741713;185;40.4;59.792;49.28300591
0.89200434;0;0.10799566;174;40;55.68;44.544
0.891911349;0;0.108088651;214;39.6;67.7952;52.62529181
0.885855532;0;0.114144468;212;40;67.84;54.272
0.895414832;0;0.104585168;169;40.4;54.6208;45.02069189
0.895395293;0;0.104604707;167;40.8;54.5088;46.2761397
0.897591338;0;0.102408662;168;40.4;54.2976;44.75429726
0.893068552;0;0.106931448;80;46.6;29.824;37.72538267
0.892945305;0;0.107054695;87;46.4;32.2944;40.32655983
0.893017348;0;0.106982652;136;42;45.696;42.3190656
0.890635109;0;0.109364891;138;42.2;46.5888;43.76519726
0.893019731;0;0.106980269;193;39;60.216;44.6494113
0.892967809;0;0.107032191;199;38.8;61.7696;45.10035691
0.892953496;0;0.107046504;195;39;60.84;45.1120995
0.892818198;0;0.107181802;182;39.4;57.3664;43.85875257
0.89300057;0;0.10699943;201;38.4;61.7472;43.70397659
0.843081191;0;0.156918809;194;39.6;61.4592;47.70704024
0.842063775;0;0.157936225;196;39.2;61.4656;46.2807448
0.842099054;0;0.157900946;190;39.6;60.192;46.72338993
0.843246218;0;0.156753782;195;39.4;61.464;46.99152061
0.84325853;0;0.15674147;186;39.4;58.6272;44.82268119
0.843262948;0;0.156737052;180;39.4;56.736;43.37678825
0.843267828;0;0.156732172;188;39;58.656;43.4926908
1;0;0;182;39;56.784;42.1046262
1;0;0;194;38.2;59.2864;41.30999873
1;0;0;192;38.6;59.2896;42.62363139
1;0;0;172;39.6;54.4896;42.29696351
1;0;0;165;40.2;53.064;43.09115715
0.950160637;0;0.049839363;185;38.6;57.128;41.06964483
0.95011461;0;0.04988539;167;40;53.44;42.752
0.950168296;0;0.049831704;227;37;67.192;42.5434547
0.950219499;0;0.049780501;98;43.8;34.3392;36.06803793
0.950219499;0;0.049780501;88;46;32.384;39.4016128
0.950219499;0;0.049780501;90;45.6;32.832;38.91364209
0.950219499;0;0.049780501;86;46.4;31.9232;39.86303615
0.950036834;0;0.049963166;88;46;32.384;39.4016128
0.949912209;0;0.050087791;89;45.6;32.4672;38.48126829
0.949948316;0;0.050051684;82;46;30.176;36.7151392
0.948872628;0;0.051127372;98;45.6;35.7504;42.37263249
0.949809808;0;0.050190192;94;45.6;34.2912;40.64313729
1;0;0;85;45.6;31.008;36.75177308
1;0;0;88;46;32.384;39.4016128
1;0;0;85;46.2;31.416;38.72458997
1;0;0;78;47.8;29.8272;40.71985184
1;0;0;79;46.8;29.5776;37.89749494
1;0;0;78;47;29.328;38.0615118
1;0;0;88;44.4;31.2576;34.1990902
1;0;0;84;46.2;31.0464;38.26900655
1;0;0;84;45.8;30.7776;36.96078598
1;0;0;105;44.2;37.128;40.07544712
0.780988368;0;0.219011632;195;39.2;61.152;46.04461855
0.781103633;0;0.218896367;199;39.8;63.3616;49.93273616
0.779718643;0;0.220281357;205;40;65.6;52.48
0.774207655;0;0.225792345;218;39.2;68.3648;51.47552227
0.773136449;0;0.226863551;278;38;84.512;57.9667808
0.773189345;0;0.226810655;205;39.4;64.616;49.40134218
0.771833635;0;0.228166365;171;40;54.72;43.776
0.771833635;0;0.228166365;152;41;49.856;42.9515672
0.771833635;0;0.228166365;170;40.4;54.944;45.28708652
0.771862194;0;0.228137806;184;40;58.88;47.104
0.779868996;0;0.220131004;189;40;60.48;48.384
0.779999592;0;0.220000408;196;39.6;62.0928;48.1988654
0.780872205;0;0.219127795;210;39;65.52;48.582261
0.776392313;0;0.223607687;200;39;62.4;46.26882
0.776555597;0;0.223444403;181;40;57.92;46.336
0.221933307;0.427646266;0.350420427;15;69.8;8.376;35.60516064
0.243232942;0.403709002;0.353058056;15;70.4;8.448;36.84528292
0.2144974;0.429129803;0.356372797;15;70;8.4;36.015
0.241547359;0.400649789;0.357802852;15;70.8;8.496;37.68983965
0.232770127;0.405286329;0.361943544;13;70.4;7.3216;31.93257853
0.227720762;0.407953638;0.3643256;13;70;7.28;31.213
0.209108343;0.334535402;0.456356255;16;67.6;8.6528;33.41233033
0.201408857;0.294014065;0.504577079;16;68;8.704;34.2102016
0.204150521;0.297539636;0.498309844;16;68.4;8.7552;35.02227788
0.201520233;0.29426556;0.504214207;13;69.8;7.2592;30.85780589
0.242848146;0.301647549;0.455504305;15;68;8.16;32.072064
0.264110038;0.281486577;0.454403385;16;66.4;8.4992;31.10228525
0.26024599;0.296481318;0.443272692;13;70.4;7.3216;31.93257853
0.196712839;0.328516987;0.474770174;12;70.4;6.7584;29.47622633
0.200649328;0.327038673;0.472311999;18;67.2;9.6768;36.70705963
0.205415876;0.326051358;0.468532766;18;65;9.36;32.131125
1;0;0;87;46.2;32.1552;39.63575679
1;0;0;89;45.4;32.3248;37.81058686
1;0;0;90;45.6;32.832;38.91364209
1;0;0;93;45.2;33.6288;38.81831571
0.823145666;0;0.176854334;208;39;64.896;48.1195728
0.822983459;0;0.177016541;208;39;64.896;48.1195728
0.822885275;0;0.177114725;185;39.4;58.312;44.58169904
0.822982897;0;0.177017103;173;40.6;56.1904;47.00566893
0.816461723;0;0.183538277;182;39.8;57.9488;45.66712553
0.816490349;0;0.183509651;190;39.4;59.888;45.78660982
0.807491685;0;0.192508315;184;39.8;58.5856;46.16896208
0.828359427;0;0.171640573;188;39.8;59.8592;47.17263517
0.823171775;0;0.176828225;195;39.6;61.776;47.95295282
0.822298103;0;0.177701897;198;39.4;62.4096;47.71446708
0.795664136;0;0.204335864;205;39.4;64.616;49.40134218
0.776656152;0;0.223343848;188;40.2;60.4608;49.09780329
0.782184592;0;0.217815408;189;39.8;60.1776;47.42355344
0.773530689;0;0.226469311;181;40.2;58.2096;47.2696936
0.77357309;0;0.22642691;193;39.4;60.8336;46.50955629
0.498098173;0;0.501901827;167;41.2;55.0432;48.11775265
0.498093703;0;0.501906297;79;46.6;29.4512;37.25381539
0.495268005;0;0.504731995;82;46.2;30.3072;37.35783973
0.495395872;0;0.504604128;81;46.8;30.3264;38.85692519
0.494980561;0;0.505019439;76;47.8;29.0624;39.67575307
0.382564659;0;0.617435341;76;47.6;28.9408;39.01587967
0.301589578;0;0.698410422;72;48;27.648;38.2205952
0.318524328;0;0.681475672;67;48.2;25.8352;36.16287545
0.25042107;0;0.74957893;136;42.2;45.9136;43.13091904
0.527835038;0;0.472164962;156;41.6;51.9168;46.71947145
1;0;0;183;39.2;57.3888;43.21110356
1;0;0;87;45.6;31.7376;37.61652068
1;0;0;87;46.2;32.1552;39.63575679
1;0;0;87;46.2;32.1552;39.63575679
1;0;0;87;45.8;31.8768;38.28081406
1;0;0;88;45.4;31.9616;37.3857488
1;0;0;90;45.6;32.832;38.91364209
1;0;0;91;45.6;33.1968;39.34601589
1;0;0;87;46;32.016;38.9538672
1;0;0;85;46.6;31.688;40.08321909
1;0;0;89;45.8;32.6096;39.16083277
1;0;0;90;46;33.12;40.297104
1;0;0;97;44.8;34.7648;39.07363275
0.817228089;0;0.182771911;196;39.6;62.0928;48.1988654
0.817157193;0;0.182842807;201;39.2;63.0336;47.46137604
0.817178356;0;0.182821644;190;39.6;60.192;46.72338993
0.802122027;0;0.197877973;186;40;59.52;47.616
0.801408187;0;0.198591813;191;39.4;60.2032;46.02759198
0.801265852;0;0.198734148;200;39.2;62.72;47.22524979
0.801229424;0;0.198770576;200;39.8;63.68;50.18365443
0.801234384;0;0.198765616;196;39.8;62.4064;49.17998134
0.803147304;0;0.196852696;193;39.4;60.8336;46.50955629
0.805143398;0;0.194856602;170;39.2;53.312;40.14146232
0.802186897;0;0.197813103;187;39.8;59.5408;46.92171689
0.803585786;0;0.196414214;184;39.8;58.5856;46.16896208
0.802368137;0;0.197631863;190;39.8;60.496;47.67447171
0.802177131;0;0.197822869;193;39.8;61.4512;48.42722653
0.804042243;0;0.195957757;200;39.6;63.36;49.18251571
0.801654031;0;0.198345969;202;39.4;63.6704;48.67839571
0.801695677;0;0.198304323;196;39.6;62.0928;48.1988654
0.801705867;0;0.198294133;192;39.8;61.1328;48.17630825
0.801741684;0;0.198258316;192;39.2;60.2112;45.3362398
0.801783669;0;0.198216331;182;40.4;58.8224;48.48382203
0.801784659;0;0.198215341;174;39.8;55.4016;43.65977936
0.801641098;0;0.198358902;173;40;55.36;44.288
0.801669879;0;0.198330121;186;39.2;58.3296;43.91948231
0.80173671;0;0.19826329;179;40.4;57.8528;47.68463815
0.801552125;0;0.198447875;199;39;62.088;46.0374759
0.804664749;0;0.195335251;224;38.8;69.5296;50.7662309
0.80116825;0;0.19883175;243;38;73.872;50.6688048
0.801234106;0;0.198765894;57;50;22.8;35.625
0.25673088;0;0.74326912;60;49;23.52;34.588806
0.254156408;0;0.745843592;59;50.2;23.6944;37.46854945
0.247145181;0;0.752854819;73;47.8;27.9152;38.10960493
0.246810486;0;0.753189514;66;49.2;25.9776;38.67268686
1;0;0;45;52.6;18.936;34.44732404
1;0;0;36;55.4;15.9552;33.91107518
1;0;0;34;56;15.232;33.4372864
1;0;0;33;57.4;15.1536;35.82296341
1;0;0;17;65.8;8.9488;31.8678303
0.682990592;0.317009408;0;12;72.2;6.9312;32.60844104
0.678957239;0.321042761;0;14;72;8.064;37.6233984
0.68186116;0.31813884;0;14;71;7.952;35.5763534
0.653943366;0.346056634;0;12;71.6;6.8736;31.53794092
0.653943366;0.346056634;0;13;71;7.384;33.0351853
0.652765417;0.347234583;0;12;72.2;6.9312;32.60844104
0.642197272;0.357802728;0;13;71.4;7.4256;33.78595501
0.641633987;0.358366013;0;14;70.4;7.8848;34.38893072
0.630247083;0.369752917;0;13;71.4;7.4256;33.78595501
0.622377394;0.377622606;0;14;71;7.952;35.5763534
0.616678477;0.383321523;0;16;67.6;8.6528;33.41233033
1;0;0;10;74.6;5.968;30.97100583
1;0;0;91;45.4;33.0512;38.66026296
1;0;0;91;45.8;33.3424;40.04085148
1;0;0;87;46.6;32.4336;41.02635365
1;0;0;76;47.2;28.6976;37.7208601
1;0;0;83;47.2;31.3408;41.19514984
1;0;0;74;48;28.416;39.2822784
0.799143549;0;0.200856451;191;39.6;60.5088;46.9693025
0.810171574;0;0.189828426;191;40;61.12;48.896
0.797515418;0;0.202484582;185;39.8;58.904;46.41988035
0.797481989;0;0.202518011;147;41.6;48.9216;44.02411733
0.797507183;0;0.202492817;205;39.6;64.944;50.4120786
0.79749816;0;0.20250184;210;39;65.52;48.582261
0.797488349;0;0.202511651;214;38.8;66.4256;48.4998813
0.797458769;0;0.202541231;208;38.6;64.2304;46.17560067
0.809542465;0;0.190457535;196;40;62.72;50.176
0.858147738;0;0.141852262;193;39.8;61.4512;48.42722653
0.85607577;0;0.14392423;178;39.8;56.6752;44.66345244
0.845366214;0;0.154633786;189;39.8;60.1776;47.42355344
0.800415413;0;0.199584587;199;38.8;61.7696;45.10035691
0.841408205;0;0.158591795;196;39;61.152;45.3434436
0.890295597;0;0.109704403;185;38.2;56.536;39.39355549
1;0;0;189;39.6;59.8752;46.47747735
1;0;0;90;46.2;33.264;41.00250702
1;0;0;89;46.4;33.0368;41.25360718
1;0;0;94;45.8;34.4416;41.36087955
1;0;0;90;46;33.12;40.297104
1;0;0;88;46.2;32.5248;40.0913402
1;0;0;84;45.8;30.7776;36.96078598
1;0;0;90;46.2;33.264;41.00250702
1;0;0;128;44.8;45.8752;51.56108239
1;0;0;205;39.6;64.944;50.4120786
1;0;0;205;38.8;63.632;46.46016667
1;0;0;166;41.4;54.9792;48.76513743
1;0;0;185;39.2;58.016;43.68335606
1;0;0;188;39.2;58.9568;44.3917348
1;0;0;180;39.6;57.024;44.26426414
1;0;0;205;38.4;62.976;44.57370747
1;0;0;59;50.4;23.7888;38.06923567
1;0;0;65;50;26;40.625
1;0;0;58;49.8;23.1072;35.67347073
1;0;0;59;50.2;23.6944;37.46854945
1;0;0;59;50;23.6;36.875
1;0;0;59;50;23.6;36.875
1;0;0;67;49;26.264;38.6241667
1;0;0;66;49;25.872;38.0476866
1;0;0;184;39.2;57.7024;43.44722981
1;0;0;185;39;57.72;42.7986585
1;0;0;188;39;58.656;43.4926908
1;0;0;200;38.8;62.08;45.32699187
1;0;0;198;38.4;60.8256;43.05167843
1;0;0;165;40.2;53.064;43.09115715
1;0;0;162;41.4;53.6544;47.59007388
1;0;0;197;38.2;60.2032;41.94881314
1;0;0;208;38.6;64.2304;46.17560067
1;0;0;188;39;58.656;43.4926908
1;0;0;189;38.8;58.6656;42.83400732
1;0;0;181;39.6;57.3408;44.51017672
1;0;0;185;39.4;58.312;44.58169904
1;0;0;196;38.8;60.8384;44.42045203
1;0;0;191;39.4;60.2032;46.02759198
1;0;0;184;39.2;57.7024;43.44722981
1;0;0;186;39;58.032;43.0300026
1;0;0;181;40;57.92;46.336
1;0;0;193;38.8;59.9072;43.74054716
1;0;0;180;40;57.6;46.08
1;0;0;187;39.6;59.2416;45.98565219
1;0;0;190;38.8;58.976;43.06064228
1;0;0;190;40;60.8;48.64
1;0;0;188;39.2;58.9568;44.3917348
1;0;0;194;40.4;62.7008;51.68055755
1;0;0;190;39.4;59.888;45.78660982
1;0;0;192;40.2;61.7472;50.14243741
1;0;0;185;39.2;58.016;43.68335606
1;0;0;181;39.6;57.3408;44.51017672
1;0;0;189;38;57.456;39.4090704
1;0;0;186;39.2;58.3296;43.91948231
1;0;0;190;39.2;59.584;44.8639873
1;0;0;180;39.6;57.024;44.26426414
1;0;0;192;38.8;59.5968;43.5139122
1;0;0;182;39.4;57.3664;43.85875257
1;0;0;194;38.8;60.2176;43.96718212
1;0;0;88;45.8;32.2432;38.72082341
1;0;0;86;46.8;32.1984;41.25550082
1;0;0;82;47;30.832;40.0133842
1;0;0;86;46.6;32.0608;40.55478637
1;0;0;85;46.2;31.416;38.72458997
1;0;0;87;46.2;32.1552;39.63575679
1;0;0;82;46.6;30.5696;38.66851724
1;0;0;92;45.4;33.4144;39.08510102
1;0;0;86;46;31.648;38.5061216
1;0;0;87;46.4;32.2944;40.32655983
1;0;0;88;46.2;32.5248;40.0913402
1;0;0;90;45.8;32.976;39.60084213
1;0;0;85;46.2;31.416;38.72458997
1;0;0;86;46.6;32.0608;40.55478637
1;0;0;86;46.4;31.9232;39.86303615
1;0;0;86;46.4;31.9232;39.86303615
1;0;0;81;46.8;30.3264;38.85692519
1;0;0;85;46.4;31.552;39.39951247
1;0;0;86;46.2;31.7856;39.18017338
1;0;0;80;47;30.08;39.037448
1;0;0;83;46.8;31.0752;39.81635544
1;0;0;96;45.4;34.8672;40.78445324
1;0;0;86;46.6;32.0608;40.55478637
1;0;0;87;46.2;32.1552;39.63575679
1;0;0;78;47;29.328;38.0615118
1;0;0;75;47.4;28.44;37.85947873
1;0;0;80;46.8;29.952;38.37721006
1;0;0;90;45.8;32.976;39.60084213
1;0;0;90;45.8;32.976;39.60084213
1;0;0;87;46;32.016;38.9538672
1;0;0;87;46.2;32.1552;39.63575679
1;0;0;75;47.2;28.32;37.22453299
1;0;0;68;48.6;26.4384;37.93621428
1;0;0;22;63;11.088;34.6565142
0.591925792;0.408074208;0;14;70;7.84;33.614
0.597999817;0.402000183;0;14;70.6;7.9072;34.78138245
0.597999817;0.402000183;0;13;70.6;7.3424;32.29699799
0.578299396;0.421700604;0;13;70.2;7.3008;31.57125171
0.578299396;0.421700604;0;13;70.8;7.3632;32.6645277
0.579907655;0.420092345;0;13;70.6;7.3424;32.29699799
0.574830302;0.425169698;0;13;71.2;7.4048;33.40898849
0.574830302;0.425169698;0;15;69.2;8.304;34.39660957
0.581928142;0.418071858;0;17;66;8.976;32.2570512
0.623394477;0.376605523;0;23;62;11.408;33.9855728
0.596467737;0.403532263;0;14;70;7.84;33.614
0.578266242;0.421733758;0;14;70;7.84;33.614
0.578266242;0.421733758;0;15;69.6;8.352;35.19882916
0.55200886;0.44799114;0;13;71;7.384;33.0351853
1;0;0;11;72.4;6.3712;30.22365269
1;0;0;20;63.6;10.176;32.7234028
1;0;0;160;40.2;51.456;41.78536451
1;0;0;172;39.8;54.7648;43.15794281
1;0;0;85;46.2;31.416;38.72458997
1;0;0;88;46.2;32.5248;40.0913402
1;0;0;86;46.2;31.7856;39.18017338
1;0;0;88;45.2;31.8208;36.73130949
1;0;0;87;45.6;31.7376;37.61652068
1;0;0;91;45.6;33.1968;39.34601589
1;0;0;91;44.8;32.6144;36.65670701
1;0;0;75;47.4;28.44;37.85947873
1;0;0;89;45.6;32.4672;38.48126829
1;0;0;82;46.2;30.3072;37.35783973
1;0;0;95;45.6;34.656;41.07551109
1;0;0;90;46.2;33.264;41.00250702
1;0;0;197;39;61.464;45.5747877
1;0;0;183;39.4;57.6816;44.09973472
1;0;0;191;39;59.592;44.1867231
1;0;0;205;38.2;62.648;43.65231824
1;0;0;192;38.8;59.5968;43.5139122
1;0;0;200;37.8;60.48;40.83167491
1;0;0;195;39.4;61.464;46.99152061
1;0;0;196;38.8;60.8384;44.42045203
1;0;0;190;39.2;59.584;44.8639873
1;0;0;199;38.6;61.4512;44.17761795
1;0;0;207;38.2;63.2592;44.07819452
1;0;0;200;38.6;61.76;44.39961603
1;0;0;191;39.2;59.8976;45.10011355
1;0;0;181;39.2;56.7616;42.73885106
1;0;0;187;38.8;58.0448;42.3807374
1;0;0;190;39.2;59.584;44.8639873
1;0;0;184;39.6;58.2912;45.24791446
1;0;0;184;40.8;60.0576;50.98688446
1;0;0;185;40.2;59.496;48.31432771
1;0;0;184;38.8;57.1136;41.70083252
1;0;0;202;37.6;60.7616;40.37409022
1;0;0;86;46;31.648;38.5061216
1;0;0;86;46;31.648;38.5061216
1;0;0;84;46.2;31.0464;38.26900655
1;0;0;82;46.4;30.4384;38.00894145
1;0;0;82;46.2;30.3072;37.35783973
1;0;0;83;46.2;30.6768;37.81342314
1;0;0;87;46;32.016;38.9538672
1;0;0;90;45.8;32.976;39.60084213
1;0;0;89;45.8;32.6096;39.16083277
1;0;0;85;46.2;31.416;38.72458997
1;0;0;87;46;32.016;38.9538672
1;0;0;86;46.4;31.9232;39.86303615
1;0;0;85;46.4;31.552;39.39951247
1;0;0;86;46;31.648;38.5061216
1;0;0;85;46.6;31.688;40.08321909
1;0;0;82;46.2;30.3072;37.35783973
1;0;0;78;46;28.704;34.9241568
1;0;0;85;46.4;31.552;39.39951247
1;0;0;85;46.2;31.416;38.72458997
1;0;0;87;46.2;32.1552;39.63575679
1;0;0;89;46.4;33.0368;41.25360718
1;0;0;87;46.2;32.1552;39.63575679
1;0;0;86;46.2;31.7856;39.18017338
1;0;0;86;46.4;31.9232;39.86303615
1;0;0;85;46.4;31.552;39.39951247
1;0;0;94;45.6;34.2912;40.64313729
1;0;0;115;43.4;39.928;40.79968015
1;0;0;197;39.2;61.7792;46.51687105
1;0;0;201;38.6;62.0688;44.62161411
1;0;0;195;39.6;61.776;47.95295282
1;0;0;196;38.8;60.8384;44.42045203
1;0;0;199;40;63.68;50.944
1;0;0;200;37.8;60.48;40.83167491
1;0;0;193;39;60.216;44.6494113
1;0;0;196;38.8;60.8384;44.42045203
1;0;0;182;40;58.24;46.592
1;0;0;185;38.6;57.128;41.06964483
1;0;0;186;38;56.544;38.7835296
1;0;0;159;41.2;52.4064;45.8127106
0.463660449;0.536339551;0;14;71.6;8.0192;36.79426441
0.467850076;0.532149924;0;14;71.2;7.9744;35.97891068
0.468240535;0.531759465;0;16;69.6;8.9088;37.54541777
0.493631698;0.506368302;0;15;70;8.4;36.015
0.49368211;0.50631789;0;14;70.4;7.8848;34.38893072
0.489847693;0.510152307;0;17;70.2;9.5472;41.28548301
0.493020915;0.506979085;0;16;69.6;8.9088;37.54541777
0.507555549;0.492444451;0;16;69.4;8.8832;37.11571784
0.501310299;0.498689701;0;16;68.6;8.7808;35.43369523
0.506400706;0.493599294;0;19;67.4;10.2448;39.20966999
1;0;0;192;39.2;60.2112;45.3362398
1;0;0;198;38.6;61.1424;43.95561987
1;0;0;228;38.6;70.4064;50.61556228
1;0;0;196;38.6;60.5248;43.51162371
1;0;0;195;39.6;61.776;47.95295282
1;0;0;169;39.4;53.2688;40.72598453
1;0;0;175;39.4;55.16;42.17187747
1;0;0;174;40.8;56.7936;48.21585814
1;0;0;194;39;60.528;44.8807554
1;0;0;182;40;58.24;46.592
1;0;0;176;40;56.32;45.056
1;0;0;176;38.8;54.6304;39.88775285
1;0;0;183;39;57.096;42.3359703
1;0;0;119;43.2;41.1264;41.44593568
1;0;0;84;46.6;31.3152;39.6116518
1;0;0;79;47.2;29.8304;39.20984142
1;0;0;85;46.6;31.688;40.08321909
1;0;0;80;45.2;28.928;33.39209953
1;0;0;83;46.4;30.8096;38.47246512
1;0;0;79;47.4;29.9568;39.87865093
1;0;0;76;46.4;28.2112;35.22779939
1;0;0;80;46.6;29.824;37.72538267
1;0;0;80;46.4;29.696;37.08189409
1;0;0;79;47;29.704;38.5494799
1;0;0;80;47.2;30.208;39.70616852
1;0;0;75;48.4;29.04;41.15690515
1;0;0;114;44.2;40.3104;43.51048545
1;0;0;195;39.2;61.152;46.04461855
1;0;0;85;46.6;31.688;40.08321909
1;0;0;83;46.6;30.9424;39.14008452
1;0;0;75;47.8;28.68;39.15370369
1;0;0;76;47.6;28.9408;39.01587967
1;0;0;76;47.2;28.6976;37.7208601
1;0;0;82;46.6;30.5696;38.66851724
1;0;0;136;41.8;45.4784;41.5187276
1;0;0;176;40;56.32;45.056
1;0;0;175;40.2;56.28;45.70274243
1;0;0;188;39.8;59.8592;47.17263517
1;0;0;199;38.4;61.1328;43.26911115
1;0;0;194;38.6;59.9072;43.06762755
1;0;0;185;39.2;58.016;43.68335606
1;0;0;200;39.6;63.36;49.18251571
1;0;0;204;38.2;62.3424;43.4393801
1;0;0;210;38.6;64.848;46.61959683
1;0;0;186;39;58.032;43.0300026
1;0;0;169;39.8;53.8096;42.405188
1;0;0;205;38.2;62.648;43.65231824
1;0;0;191;38.8;59.2864;43.28727724
1;0;0;206;38.2;62.9536;43.86525638
1;0;0;192;39.2;60.2112;45.3362398
0.465563137;0.534436863;0;13;71.2;7.4048;33.40898849
0.465546362;0.534453638;0;13;72;7.488;34.9360128
0.473630191;0.526369809;0;13;71;7.384;33.0351853
0.46998833;0.53001167;0;13;71;7.384;33.0351853
0.476547376;0.523452624;0;12;71.8;6.8928;31.89179935
0.476481974;0.523518026;0;17;72;9.792;45.6855552
0.476645448;0.523354552;0;13;71.4;7.4256;33.78595501
0.476571238;0.523428762;0;14;70.6;7.9072;34.78138245
0.479805552;0.520194448;0;13;72;7.488;34.9360128
0.478798519;0.521201481;0;12;71.8;6.8928;31.89179935
0.459678431;0.540321569;0;13;71.4;7.4256;33.78595501
0.476343565;0.523656435;0;15;70.6;8.472;37.26576691
0.469434335;0.530565665;0;13;72;7.488;34.9360128
0.473588014;0.526411986;0;14;72;8.064;37.6233984
0.467724736;0.532275264;0;14;71.2;7.9744;35.97891068
0.47661441;0.52338559;0;16;70;8.96;38.416
1;0;0;188;39.6;59.5584;46.23156477
1;0;0;185;39.6;58.608;45.49382703
1;0;0;185;39.4;58.312;44.58169904
1;0;0;180;40;57.6;46.08
1;0;0;183;39.4;57.6816;44.09973472
1;0;0;184;39.6;58.2912;45.24791446
1;0;0;187;39.6;59.2416;45.98565219
1;0;0;190;39.4;59.888;45.78660982
1;0;0;189;39.4;59.5728;45.54562767
1;0;0;196;39.4;61.7792;47.23250276
1;0;0;195;39.6;61.776;47.95295282
1;0;0;182;39.8;57.9488;45.66712553
1;0;0;170;39.8;54.128;42.65610627
1;0;0;187;39.2;58.6432;44.15560856
1;0;0;181;40;57.92;46.336
1;0;0;178;40.6;57.8144;48.36421427
1;0;0;182;40;58.24;46.592
1;0;0;226;38.6;69.7888;50.17156612
1;0;0;218;39.4;68.7136;52.53411022
1;0;0;185;39.8;58.904;46.41988035
1;0;0;83;46.8;31.0752;39.81635544
1;0;0;83;46.8;31.0752;39.81635544
1;0;0;80;47;30.08;39.037448
1;0;0;84;46.4;31.1808;38.9359888
1;0;0;87;45.2;31.4592;36.31390824
1;0;0;86;46.2;31.7856;39.18017338
1;0;0;89;46;32.752;39.8493584
1;0;0;93;45.6;33.9264;40.21076349
1;0;0;98;45.4;35.5936;41.63412935
1;0;0;91;46.4;33.7792;42.18065453
1;0;0;89;45.8;32.6096;39.16083277
1;0;0;90;45.6;32.832;38.91364209
1;0;0;88;45.6;32.1024;38.04889448
1;0;0;87;45.8;31.8768;38.28081406
1;0;0;88;45.8;32.2432;38.72082341
1;0;0;89;45.6;32.4672;38.48126829
1;0;0;95;45;34.2;38.9559375
1;0;0;89;45.4;32.3248;37.81058686
1;0;0;86;46.4;31.9232;39.86303615
1;0;0;84;45.6;30.6432;36.31939928
1;0;0;85;46;31.28;38.058376
1;0;0;96;45;34.56;39.366
1;0;0;186;39.2;58.3296;43.91948231
1;0;0;188;39.4;59.2576;45.30464551
1;0;0;181;39.8;57.6304;45.41620726
1;0;0;180;39.8;57.312;45.16528899
1;0;0;208;38;63.232;43.3708288
1;0;0;203;38.6;62.6864;45.06561027
1;0;0;215;37.6;64.672;42.97242276
1;0;0;187;39.6;59.2416;45.98565219
1;0;0;78;47.4;29.5776;39.37385788
1;0;0;77;47.4;29.1984;38.86906483
1;0;0;102;44.8;36.5568;41.08773753
1;0;0;187;39;58.344;43.2613467
1;0;0;194;38.8;60.2176;43.96718212
1;0;0;187;39.4;58.9424;45.06366335
1;0;0;198;39;61.776;45.8061318
1;0;0;220;38.2;67.232;46.84639031
1;0;0;203;38.4;62.3616;44.13884203
1;0;0;194;38.6;59.9072;43.06762755
1;0;0;195;38.6;60.216;43.28962563
1;0;0;170;40;54.4;43.52
1;0;0;172;39.2;53.9392;40.61371482
1;0;0;166;39.8;52.8544;41.65243318
1;0;0;165;40.2;53.064;43.09115715
1;0;0;198;36.8;58.2912;36.31252636
1;0;0;195;38.6;60.216;43.28962563
1;0;0;85;46.4;31.552;39.39951247
1;0;0;87;46.2;32.1552;39.63575679
1;0;0;89;45.8;32.6096;39.16083277
1;0;0;86;46;31.648;38.5061216
1;0;0;87;45.8;31.8768;38.28081406
1;0;0;80;46.6;29.824;37.72538267
1;0;0;85;46;31.28;38.058376
1;0;0;88;45.2;31.8208;36.73130949
1;0;0;91;45.8;33.3424;40.04085148
1;0;0;87;45.6;31.7376;37.61652068
1;0;0;89;45.8;32.6096;39.16083277
1;0;0;87;46;32.016;38.9538672
1;0;0;85;46.4;31.552;39.39951247
1;0;0;89;46;32.752;39.8493584
1;0;0;89;45.8;32.6096;39.16083277
1;0;0;188;39;58.656;43.4926908
1;0;0;190;39;59.28;43.955379
1;0;0;194;38.8;60.2176;43.96718212
1;0;0;200;38.4;61.44;43.48654387
1;0;0;188;38.6;58.0544;41.73563907
1;0;0;191;38.8;59.2864;43.28727724
1;0;0;192;39;59.904;44.4180672
1;0;0;196;38.4;60.2112;42.61681299
1;0;0;189;39.4;59.5728;45.54562767
1;0;0;186;39.2;58.3296;43.91948231
1;0;0;187;39.6;59.2416;45.98565219
1;0;0;186;39;58.032;43.0300026
1;0;0;182;39.6;57.6576;44.7560893
1;0;0;188;39.4;59.2576;45.30464551
1;0;0;187;39.4;58.9424;45.06366335
1;0;0;183;40;58.56;46.848
1;0;0;181;40;57.92;46.336
1;0;0;190;39.4;59.888;45.78660982
1;0;0;195;39.6;61.776;47.95295282
1;0;0;192;39;59.904;44.4180672
1;0;0;180;39.2;56.448;42.50272481
1;0;0;190;40;60.8;48.64
1;0;0;188;39.6;59.5584;46.23156477
1;0;0;187;39.6;59.2416;45.98565219
1;0;0;191;39.6;60.5088;46.9693025
1;0;0;181;40.4;58.4992;48.21742741
1;0;0;85;46.4;31.552;39.39951247
1;0;0;85;45.8;31.144;37.40079534
1;0;0;84;46.4;31.1808;38.9359888
1;0;0;86;46.2;31.7856;39.18017338
1;0;0;84;46.4;31.1808;38.9359888
1;0;0;85;46.2;31.416;38.72458997
1;0;0;86;45.8;31.5104;37.8408047
1;0;0;89;46;32.752;39.8493584
1;0;0;91;45.6;33.1968;39.34601589
1;0;0;87;46.2;32.1552;39.63575679
1;0;0;89;45.8;32.6096;39.16083277
1;0;0;90;45.6;32.832;38.91364209
1;0;0;91;45.8;33.3424;40.04085148
1;0;0;89;45.6;32.4672;38.48126829
1;0;0;90;46;33.12;40.297104
1;0;0;90;45.2;32.544;37.56611197
1;0;0;190;38.4;58.368;41.31221668
1;0;0;194;39.4;61.1488;46.75053845
1;0;0;184;39.8;58.5856;46.16896208
1;0;0;185;39.8;58.904;46.41988035
1;0;0;183;39.4;57.6816;44.09973472
1;0;0;192;38.6;59.2896;42.62363139
1;0;0;182;39.2;57.0752;42.97497731
1;0;0;187;38.2;57.1472;39.81943176
1;0;0;201;38.4;61.7472;43.70397659
1;0;0;197;38.4;60.5184;42.83424571
1;0;0;197;38.4;60.5184;42.83424571
1;0;0;177;39.4;55.7904;42.65384178
1;0;0;172;38.4;52.8384;37.39842773
1;0;0;173;39.2;54.2528;40.84984107
1;0;0;173;40;55.36;44.288
1;0;0;189;39.4;59.5728;45.54562767
1;0;0;186;39;58.032;43.0300026
1;0;0;190;39;59.28;43.955379
1;0;0;188;39;58.656;43.4926908
1;0;0;190;39.2;59.584;44.8639873
1;0;0;192;39.4;60.5184;46.26857414
1;0;0;196;39.2;61.4656;46.2807448
1;0;0;193;38.8;59.9072;43.74054716
1;0;0;200;38.6;61.76;44.39961603
1;0;0;188;39;58.656;43.4926908
1;0;0;190;38.6;58.672;42.17963523
1;0;0;190;39.6;60.192;46.72338993
1;0;0;190;39;59.28;43.955379
1;0;0;185;39.2;58.016;43.68335606
1;0;0;177;39.4;55.7904;42.65384178
1;0;0;176;39.6;55.7568;43.28061383
1;0;0;177;39.2;55.5072;41.79434607
1;0;0;187;39;58.344;43.2613467
1;0;0;174;39.4;54.8448;41.93089531
1;0;0;89;45.8;32.6096;39.16083277
1;0;0;85;46.2;31.416;38.72458997
1;0;0;81;46.4;30.0672;37.54541777
1;0;0;81;46.6;30.1968;38.19694995
1;0;0;83;46.6;30.9424;39.14008452
1;0;0;85;46.4;31.552;39.39951247
1;0;0;83;46.6;30.9424;39.14008452
1;0;0;85;46.2;31.416;38.72458997
1;0;0;92;45.2;33.2672;38.40091446
1;0;0;91;45.6;33.1968;39.34601589
1;0;0;80;46.4;29.696;37.08189409
1;0;0;80;47.2;30.208;39.70616852
1;0;0;81;46.4;30.0672;37.54541777
1;0;0;84;46.2;31.0464;38.26900655
1;0;0;83;46.4;30.8096;38.47246512
1;0;0;81;46.4;30.0672;37.54541777
1;0;0;86;46;31.648;38.5061216
1;0;0;84;46.2;31.0464;38.26900655
1;0;0;88;46;32.384;39.4016128
1;0;0;104;44;36.608;38.9801984
1;0;0;104;44;36.608;38.9801984
1;0;0;122;42.8;41.7728;40.93878098
1;0;0;131;42.4;44.4352;42.33842733
1;0;0;90;45.8;32.976;39.60084213
1;0;0;109;43.4;37.8448;38.67100118
1;0;0;210;38.4;64.512;45.66087107
1;0;0;191;38.8;59.2864;43.28727724
1;0;0;207;38;62.928;43.1623152
1;0;0;201;38.6;62.0688;44.62161411
1;0;0;197;38.2;60.2032;41.94881314
1;0;0;184;39.6;58.2912;45.24791446
1;0;0;185;39.2;58.016;43.68335606
1;0;0;186;38.6;57.4368;41.29164291
1;0;0;183;39;57.096;42.3359703
1;0;0;180;39.4;56.736;43.37678825
1;0;0;178;38.4;54.6816;38.70302405
1;0;0;170;39.6;53.856;41.80513836
1;0;0;162;40.2;52.0992;42.30768156
1;0;0;139;41.2;45.8144;40.0501055
1;0;0;81;46.4;30.0672;37.54541777
1;0;0;88;46.4;32.6656;40.7900835
1;0;0;86;46.2;31.7856;39.18017338
1;0;0;85;46.2;31.416;38.72458997
1;0;0;83;46.4;30.8096;38.47246512
1;0;0;80;46.4;29.696;37.08189409
1;0;0;98;43.8;34.3392;36.06803793
1;0;0;91;46;33.488;40.7448496
1;0;0;84;46.4;31.1808;38.9359888
1;0;0;85;46.6;31.688;40.08321909
1;0;0;85;46.2;31.416;38.72458997
1;0;0;75;47.6;28.56;38.50251283
1;0;0;75;47.4;28.44;37.85947873
1;0;0;102;45;36.72;41.826375
1;0;0;82;46.4;30.4384;38.00894145
1;0;0;86;46;31.648;38.5061216
1;0;0;86;46.4;31.9232;39.86303615
1;0;0;88;45.6;32.1024;38.04889448
1;0;0;89;46;32.752;39.8493584
1;0;0;91;45.8;33.3424;40.04085148
1;0;0;87;46.2;32.1552;39.63575679
1;0;0;84;46.4;31.1808;38.9359888
1;0;0;85;46.4;31.552;39.39951247
1;0;0;86;46.2;31.7856;39.18017338
1;0;0;86;46.2;31.7856;39.18017338
1;0;0;97;45;34.92;39.7760625
1;0;0;210;38.4;64.512;45.66087107
1;0;0;203;38.2;62.0368;43.22644197
1;0;0;201;38.2;61.4256;42.80056569
1;0;0;191;38.8;59.2864;43.28727724
1;0;0;190;38.8;58.976;43.06064228
1;0;0;194;39.6;61.4592;47.70704024
1;0;0;172;40;55.04;44.032
1;0;0;177;39.6;56.0736;43.52652641
1;0;0;203;38.6;62.6864;45.06561027
1;0;0;208;37.4;62.2336;40.69581438
1;0;0;187;39.2;58.6432;44.15560856
1;0;0;194;39.6;61.4592;47.70704024
1;0;0;178;39.8;56.6752;44.66345244
1;0;0;164;39.8;52.2176;41.15059663
1;0;0;179;39.6;56.7072;44.01835156
1;0;0;182;39.4;57.3664;43.85875257
1;0;0;184;39.2;57.7024;43.44722981
1;0;0;188;39;58.656;43.4926908
1;0;0;196;38.8;60.8384;44.42045203
1;0;0;191;39.2;59.8976;45.10011355
1;0;0;195;38.8;60.528;44.19381708
1;0;0;202;38.6;62.3776;44.84361219
1;0;0;197;38.2;60.2032;41.94881314
1;0;0;182;39.6;57.6576;44.7560893
1;0;0;196;38.4;60.2112;42.61681299
1;0;0;200;39.2;62.72;47.22524979
1;0;0;200;38.4;61.44;43.48654387
1;0;0;204;38;62.016;42.5367744
1;0;0;178;40;56.96;45.568
1;0;0;185;39;57.72;42.7986585
1;0;0;190;38.4;58.368;41.31221668
1;0;0;193;39;60.216;44.6494113
1;0;0;198;38.6;61.1424;43.95561987
1;0;0;193;38.4;59.2896;41.96451484
1;0;0;185;39;57.72;42.7986585
1;0;0;188;38.8;58.3552;42.60737236
1;0;0;176;39;54.912;40.7165616
1;0;0;188;39.2;58.9568;44.3917348
1;0;0;79;46.2;29.1984;35.9910895
1;0;0;84;46.2;31.0464;38.26900655
1;0;0;85;46;31.28;38.058376
1;0;0;84;46.2;31.0464;38.26900655
1;0;0;85;46;31.28;38.058376
1;0;0;79;46.6;29.4512;37.25381539
1;0;0;85;45.6;31.008;36.75177308
1;0;0;83;45.6;30.2784;35.88702548
1;0;0;87;45.4;31.5984;36.96091075
1;0;0;93;45.2;33.6288;38.81831571
1;0;0;83;46.6;30.9424;39.14008452
1;0;0;84;46.2;31.0464;38.26900655
1;0;0;80;46;29.44;35.819648
1;0;0;85;45.6;31.008;36.75177308
1;0;0;87;45.8;31.8768;38.28081406
1;0;0;85;46.2;31.416;38.72458997
1;0;0;80;46.2;29.568;36.44667291
1;0;0;84;45.8;30.7776;36.96078598
1;0;0;83;46;30.544;37.1628848
1;0;0;82;46.2;30.3072;37.35783973
1;0;0;80;45;28.8;32.805
1;0;0;91;45.4;33.0512;38.66026296
1;0;0;88;46.2;32.5248;40.0913402
1;0;0;85;45.4;30.872;36.11123464
1;0;0;88;45.2;31.8208;36.73130949
1;0;0;86;45.8;31.5104;37.8408047
1;0;0;82;46.2;30.3072;37.35783973
1;0;0;80;47.2;30.208;39.70616852
1;0;0;77;47.6;29.3216;39.52924651
1;0;0;78;46.4;28.9536;36.15484674
1;0;0;80;47.2;30.208;39.70616852
1;0;0;82;46.6;30.5696;38.66851724
1;0;0;96;45.6;35.0208;41.50788489
1;0;0;195;38.6;60.216;43.28962563
1;0;0;181;39.8;57.6304;45.41620726
1;0;0;203;38.2;62.0368;43.22644197
1;0;0;181;39.6;57.3408;44.51017672
1;0;0;182;39.4;57.3664;43.85875257
1;0;0;162;40.2;52.0992;42.30768156
1;0;0;184;39.2;57.7024;43.44722981
1;0;0;183;39.2;57.3888;43.21110356
1;0;0;185;39.2;58.016;43.68335606
1;0;0;183;39.4;57.6816;44.09973472
1;0;0;191;39.2;59.8976;45.10011355
1;0;0;202;38;61.408;42.1197472
1;0;0;195;38.2;59.592;41.52293686
1;0;0;195;38.6;60.216;43.28962563
1;0;0;190;38.8;58.976;43.06064228
1;0;0;210;38.2;64.176;44.71700893
1;0;0;195;38.6;60.216;43.28962563
1;0;0;189;38.2;57.7584;40.24530804
1;0;0;195;38.2;59.592;41.52293686
1;0;0;183;38.6;56.5104;40.62564867
1;0;0;208;37.2;61.9008;39.83227343
1;0;0;209;37.6;62.8672;41.77319236
1;0;0;210;37.4;62.832;41.08712029
1;0;0;175;39;54.6;40.4852175
1;0;0;184;38.6;56.8192;40.84764675
1;0;0;204;38.4;62.6688;44.35627475
1;0;0;207;38.4;63.5904;45.00857291
1;0;0;196;38.8;60.8384;44.42045203
1;0;0;210;38;63.84;43.787856
1;0;0;182;40.8;59.4048;50.4326792
1;0;0;196;38;59.584;40.8686656
1;0;0;176;40.4;56.8832;46.88545427
0.535577037;0.464422963;0;13;70;7.28;31.213
0.544833781;0.455166219;0;13;69.2;7.1968;29.81039496
0.54526401;0.45473599;0;15;70;8.4;36.015
0.552572323;0.447427677;0;15;69.4;8.328;34.79598547
0.530823295;0.469176705;0;14;69.8;7.8176;33.23148327
0.541508615;0.458491385;0;14;69.8;7.8176;33.23148327
0.543458117;0.456541883;0;14;69.4;7.7728;32.47625311
0.541508615;0.458491385;0;16;69.2;8.8576;36.68971688
0.544476328;0.455523672;0;13;69.2;7.1968;29.81039496
0.536441016;0.463558984;0;13;70;7.28;31.213
0.538026053;0.461973947;0;14;70;7.84;33.614
0.54558864;0.45441136;0;14;69.2;7.7504;32.10350227
0.545934327;0.454065673;0;15;68.6;8.232;33.21908928
0.546049857;0.453950143;0;14;70.2;7.8624;33.99980954
0.545934327;0.454065673;0;14;70.6;7.9072;34.78138245
0.534172377;0.465827623;0;13;70.6;7.3424;32.29699799
0.52348278;0.47651722;0;13;69.2;7.1968;29.81039496
0.534782425;0.465217575;0;15;69.4;8.328;34.79598547
0.544267763;0.455732237;0;16;66.6;8.5248;31.47870802
0.54891544;0.45108456;0;16;64.8;8.2944;28.21109907
0.718317707;0.281682293;0;186;39.4;58.6272;44.82268119
1;0;0;189;39.2;59.2704;44.62786105
1;0;0;195;38.6;60.216;43.28962563
1;0;0;200;38.4;61.44;43.48654387
1;0;0;185;39.2;58.016;43.68335606
1;0;0;188;39;58.656;43.4926908
1;0;0;179;39.2;56.1344;42.26659856
1;0;0;195;38;59.28;40.660152
1;0;0;172;39.4;54.2144;41.448931
1;0;0;179;39.6;56.7072;44.01835156
1;0;0;184;39;57.408;42.5673144
1;0;0;185;39.2;58.016;43.68335606
1;0;0;199;39;62.088;46.0374759
1;0;0;197;38.8;61.1488;44.64708699
1;0;0;191;38.6;58.9808;42.40163331
1;0;0;191;39;59.592;44.1867231
1;0;0;190;39.2;59.584;44.8639873
1;0;0;187;39.4;58.9424;45.06366335
1;0;0;185;39;57.72;42.7986585
1;0;0;189;38.8;58.6656;42.83400732
1;0;0;191;38.6;58.9808;42.40163331
1;0;0;195;38.4;59.904;42.39938028
1;0;0;188;38.8;58.3552;42.60737236
1;0;0;183;38.4;56.2176;39.79018764
1;0;0;186;39.2;58.3296;43.91948231
1;0;0;189;38.8;58.6656;42.83400732
1;0;0;192;39.6;60.8256;47.21521508
1;0;0;199;38.4;61.1328;43.26911115
1;0;0;195;38.8;60.528;44.19381708
1;0;0;193;38.6;59.5984;42.84562947
1;0;0;190;39;59.28;43.955379
1;0;0;196;38.4;60.2112;42.61681299
1;0;0;181;39.2;56.7616;42.73885106
1;0;0;195;39;60.84;45.1120995
1;0;0;197;38.8;61.1488;44.64708699
1;0;0;188;39;58.656;43.4926908
1;0;0;190;38.8;58.976;43.06064228
1;0;0;180;39.8;57.312;45.16528899
1;0;0;188;39.2;58.9568;44.3917348
1;0;0;186;39.8;59.2224;46.67079862
1;0;0;196;38.6;60.5248;43.51162371
1;0;0;190;39;59.28;43.955379
1;0;0;192;38.8;59.5968;43.5139122
1;0;0;185;39.2;58.016;43.68335606
1;0;0;193;38.4;59.2896;41.96451484
1;0;0;180;40;57.6;46.08
1;0;0;185;39.2;58.016;43.68335606
1;0;0;180;39.6;57.024;44.26426414
1;0;0;178;40.4;57.5296;47.41824353
1;0;0;184;38.8;57.1136;41.70083252
1;0;0;185;38.8;57.424;41.92746748
1;0;0;182;38.8;56.4928;41.2475626
1;0;0;185;38.6;57.128;41.06964483
1;0;0;199;38.2;60.8144;42.37468941
1;0;0;199;39;62.088;46.0374759
1;0;0;191;39;59.592;44.1867231
1;0;0;191;38.6;58.9808;42.40163331
1;0;0;194;38.4;59.5968;42.18194756
1;0;0;196;38.6;60.5248;43.51162371
1;0;0;175;39.2;54.88;41.32209357
1;0;0;178;39.4;56.1056;42.89482394
1;0;0;183;39;57.096;42.3359703
1;0;0;197;38.4;60.5184;42.83424571
1;0;0;199;38.2;60.8144;42.37468941
1;0;0;201;38;61.104;41.9112336
1;0;0;189;39.2;59.2704;44.62786105
1;0;0;196;38.6;60.5248;43.51162371
1;0;0;88;45.8;32.2432;38.72082341
1;0;0;80;46.4;29.696;37.08189409
1;0;0;81;46.2;29.9376;36.90225632
1;0;0;83;46.6;30.9424;39.14008452
1;0;0;81;46.4;30.0672;37.54541777
1;0;0;82;46.8;30.7008;39.33664031
1;0;0;81;46.2;29.9376;36.90225632
1;0;0;81;46.8;30.3264;38.85692519
1;0;0;60;49.6;23.808;36.31432335
1;0;0;60;49.4;23.712;35.73214158
1;0;0;57;49.6;22.6176;34.49860719
1;0;0;50;51.6;20.64;35.44612877
0.922294773;0.077705227;0;43;53.4;18.3696;34.96499606
0.899156004;0.100843996;0;47;52.4;19.7024;35.43423049
0.899444135;0.100555865;0;49;51.8;20.3056;35.2789068
0.899156004;0.100843996;0;50;51.4;20.56;34.89976321
0.898391867;0.101608133;0;51;51.2;20.8896;35.04693314
0.898248352;0.101751648;0;57;50.2;22.8912;36.19842913
0.898209276;0.101790724;0;54;50.4;21.7728;34.84302926
0.89778511;0.10221489;0;62;49.8;24.7008;38.13371009
1;0;0;182;39;56.784;42.1046262
1;0;0;181;39.6;57.3408;44.51017672
1;0;0;189;39.2;59.2704;44.62786105
1;0;0;192;39.2;60.2112;45.3362398
1;0;0;196;38;59.584;40.8686656
1;0;0;190;38.6;58.672;42.17963523
1;0;0;186;39;58.032;43.0300026
1;0;0;187;39.2;58.6432;44.15560856
1;0;0;186;39.6;58.9248;45.73973961
1;0;0;187;39.6;59.2416;45.98565219
1;0;0;183;38.8;56.8032;41.47419756
1;0;0;182;38.8;56.4928;41.2475626
1;0;0;176;39.4;55.4752;42.41285962
1;0;0;183;38.8;56.8032;41.47419756
1;0;0;185;38.6;57.128;41.06964483
1;0;0;192;38.4;58.9824;41.74708212
1;0;0;193;38;58.672;40.2431248
1;0;0;194;38.8;60.2176;43.96718212
1;0;0;191;39;59.592;44.1867231
1;0;0;187;38.6;57.7456;41.51364099
1;0;0;192;38.6;59.2896;42.62363139
1;0;0;192;38.4;58.9824;41.74708212
1;0;0;186;38.8;57.7344;42.15410244
1;0;0;187;39.6;59.2416;45.98565219
1;0;0;190;38.8;58.976;43.06064228
1;0;0;188;39;58.656;43.4926908
1;0;0;194;38.8;60.2176;43.96718212
1;0;0;187;38.6;57.7456;41.51364099
1;0;0;195;38.8;60.528;44.19381708
1;0;0;197;38.6;60.8336;43.73362179
1;0;0;196;38.6;60.5248;43.51162371
1;0;0;198;38;60.192;41.2856928
1;0;0;198;39;61.776;45.8061318
1;0;0;186;40;59.52;47.616
1;0;0;193;38.6;59.5984;42.84562947
1;0;0;192;38.6;59.2896;42.62363139
1;0;0;191;38.8;59.2864;43.28727724
1;0;0;184;40;58.88;47.104
1;0;0;193;38.8;59.9072;43.74054716
1;0;0;188;39;58.656;43.4926908
1;0;0;173;39.6;54.8064;42.54287609
1;0;0;174;39.6;55.1232;42.78878867
1;0;0;183;39.4;57.6816;44.09973472
1;0;0;176;39.8;56.0384;44.1616159
1;0;0;172;39.6;54.4896;42.29696351
1;0;0;192;39;59.904;44.4180672
1;0;0;186;39;58.032;43.0300026
1;0;0;192;38.8;59.5968;43.5139122
1;0;0;190;39.4;59.888;45.78660982
1;0;0;195;39;60.84;45.1120995
1;0;0;193;38.6;59.5984;42.84562947
1;0;0;185;38.6;57.128;41.06964483
1;0;0;190;38.8;58.976;43.06064228
1;0;0;195;38.6;60.216;43.28962563
1;0;0;190;38.8;58.976;43.06064228
1;0;0;188;39.6;59.5584;46.23156477
1;0;0;192;38.4;58.9824;41.74708212
1;0;0;184;39.8;58.5856;46.16896208
1;0;0;194;38.8;60.2176;43.96718212
1;0;0;190;39;59.28;43.955379
1;0;0;182;39.4;57.3664;43.85875257
1;0;0;191;38.2;58.3696;40.67118431
1;0;0;190;39.6;60.192;46.72338993
1;0;0;192;38.8;59.5968;43.5139122
1;0;0;181;39.6;57.3408;44.51017672
1;0;0;182;39;56.784;42.1046262
1;0;0;180;39.4;56.736;43.37678825
1;0;0;198;38.6;61.1424;43.95561987
1;0;0;200;38.4;61.44;43.48654387
1;0;0;184;38.8;57.1136;41.70083252
1;0;0;182;38.8;56.4928;41.2475626
1;0;0;190;38.4;58.368;41.31221668
1;0;0;230;37.4;68.816;45.00017936
1;0;0;205;38.4;62.976;44.57370747
1;0;0;173;39.6;54.8064;42.54287609
1;0;0;143;41.6;47.5904;42.82618216
1;0;0;193;39.8;61.4512;48.42722653
0.56388259;0.43611741;0;14;70;7.84;33.614
0.56388259;0.43611741;0;18;67;9.648;36.2720178
0.546112781;0.453887219;0;26;59;12.272;31.5051386
0.562831744;0.437168256;0;15;70.2;8.424;36.42836736
0.55932577;0.44067423;0;15;69;8.28;34.0006815
0.55932577;0.44067423;0;15;69.4;8.328;34.79598547
0.55932577;0.44067423;0;14;69.2;7.7504;32.10350227
0.55932577;0.44067423;0;16;70;8.96;38.416
0.55932577;0.44067423;0;15;69.4;8.328;34.79598547
0.558476512;0.441523488;0;17;68.6;9.3296;37.64830119
0.559688479;0.440311521;0;16;68.8;8.8064;35.84872677
0.559964706;0.440035294;0;16;69.6;8.9088;37.54541777
0.559374099;0.440625901;0;15;69.4;8.328;34.79598547
0.559067278;0.440932722;0;14;69.6;7.7952;32.85224055
0.559822085;0.440177915;0;14;69.8;7.8176;33.23148327
0.559120095;0.440879905;0;13;70;7.28;31.213
0.55988431;0.44011569;0;14;69.8;7.8176;33.23148327
0.560080106;0.439919894;0;14;69.6;7.7952;32.85224055
0.560080106;0.439919894;0;14;68.6;7.6832;31.00448333
0.560080106;0.439919894;0;14;68.4;7.6608;30.64449314
0.608745775;0.391254225;0;16;67.6;8.6528;33.41233033
0.610477286;0.389522714;0;17;67.2;9.1392;34.66777854
0.604986213;0.395013787;0;28;61.8;13.8432;40.8424637
0.741962552;0.258037448;0;33;56.8;14.9952;34.34846097
0.749436197;0.250563803;0;39;54.8;17.0976;35.17117204
0.749436197;0.250563803;0;41;53.8;17.6464;34.34890995
0.803515783;0.196484217;0;58;50.6;23.4784;38.02157131
0.746183652;0.253816348;0;32;58;14.848;36.2127872
0.719463828;0.280536172;0;31;57.8;14.3344;34.59975691
0.719463828;0.280536172;0;30;57.8;13.872;33.48363572
0.714244975;0.285755025;0;29;60;13.92;37.584
0.691056118;0.308943882;0;31;58.8;14.5824;37.0570632
0.778006555;0.221993445;0;47;52;19.552;34.3645952
0.825815042;0.174184958;0;59;50.4;23.7888;38.06923567
1;0;0;68;48.6;26.4384;37.93621428
1;0;0;172;39.2;53.9392;40.61371482
1;0;0;180;40;57.6;46.08
1;0;0;170;39.6;53.856;41.80513836
1;0;0;180;39.4;56.736;43.37678825
1;0;0;182;39;56.784;42.1046262
1;0;0;180;39.8;57.312;45.16528899
1;0;0;181;39.4;57.0512;43.61777041
1;0;0;203;38.4;62.3616;44.13884203
1;0;0;198;39.2;62.0928;46.75299729
1;0;0;196;38.6;60.5248;43.51162371
1;0;0;190;39;59.28;43.955379
1;0;0;180;39.6;57.024;44.26426414
1;0;0;182;39.4;57.3664;43.85875257
1;0;0;186;38.6;57.4368;41.29164291
1;0;0;188;38.6;58.0544;41.73563907
1;0;0;185;39.4;58.312;44.58169904
1;0;0;188;38.8;58.3552;42.60737236
1;0;0;199;38.8;61.7696;45.10035691
1;0;0;191;38.6;58.9808;42.40163331
1;0;0;205;38;62.32;42.745288
1;0;0;178;39.8;56.6752;44.66345244
1;0;0;188;38.6;58.0544;41.73563907
1;0;0;185;39;57.72;42.7986585
1;0;0;191;38.6;58.9808;42.40163331
1;0;0;183;39.6;57.9744;45.00200188
1;0;0;177;40;56.64;45.312
